Key,English,Swedish,State,Comment
,,,,
‚Äî,,,,
&,,,,
%.1f kg,,,,
%@,,,,
%@ kg,,,,
%@kg,,,,
%lld,,,,
%lld %@,%1$lld %2$@,,new,
%lld bpm,,,,
%lld deltagare,,,,
%lld kcal,,,,
%lld m,,,,
%lld min,,,,
%lld ms,,,,
%lld √∂vningar,,,,
%lld set,,,,
%lld utrustning,,,,
%lld valda,,,,
%lld/%lld,%1$lld/%2$lld,,new,
%lld/3,,,,
%lld%%,,,,
%lldk,,,,
%lldkm,,,,
%llds,,,,
‚Ä¢,,,,
‚Ä¢ %@,,,,
+ %lld till,,,,
üë§,,,,
00:00,,,,
0%,,,,
7 dagar,,,,
10 reps @ 60kg,,,,
30 dagar,,,,
45%,,,,
90 dagar,,,,
Accessories,,Tillbeh√∂r,translated,
Address (Optional),,Adress (Valfritt),translated,
Adjust Training,,,,
adjustable_bench,Adjustable Bench,Justerbar B√§nk,translated,
Admin,,,,
Adress (Valfritt),,,,
Advanced,,Mycket van,translated,
Age,,√Ölder,translated,
Age exceeds 110 years. Please check your value.,,√Ölder √∂verstiger 110 √•r. V√§nligen kontrollera ditt angivna v√§rde.,translated,
Age is below 9 years. Please check your value.,,√Ölder understiger 9 √•r. V√§nligen kontrollera ditt angivna v√§rde.,translated,
AI-f√∂rslag,,,,
AI: %@,,,,
Aktiva kalorier,,,,
Aktivera HealthKit,,,,
Aktivera notifikationer,,,,
Aktiverad,,,,
AKTIVITETSDETALJER,,,,
Aktivt gym,,,,
Aktivt Gym,,,,
All utrustning har granskats.,,,,
All-round,,,,
Alla √∂vningar har granskats.,,,,
An unexpected error occurred: %@,,,,
An unknown error occurred.,,,,
Analys,,,,
Analyserar ditt program...,,,,
Analyzing your goals...,,Analyserar dina m√•l...,translated,
Ange din e-post,,,,
Anledning (valfritt),,,,
Anpassa appens utseende med ditt favoritf√§rgschema,,,,
Anslut h√§lsodata,,,,
Anteckningar (valfritt),,,,
Anv√§ndarvillkor ‚Äì RepCompanion,,,,
Apple Health,,,,
April,,April,translated,
√ÖTERH√ÑMTNINGSDETALJER,,,,
√Öterst√§ll,,,,
√Öterst√§ll allt,,,,
√Ötkomst nekad,,,,
Attachment,,Tillbeh√∂r,translated,
August,,Augusti,translated,
Auto,,,,
av %@,,,,
Available Equipment,,Tillg√§nglig utrustning,translated,
Avb√∂j,,,,
Avbryt,,,,
Avsluta,,,,
Avsluta & Spara,,,,
Avsluta pass,,,,
Avsluta...,,,,
Avvisa,,,,
Back,,Tillbaka,translated,Back button
Balanced full-body program with focus on basic movements,,,,
band,Resistance Band,Gummiband,translated,
B√§nkpress,,,,
barbell,Barbell,Skivst√•ng,translated,
barbell_deadlift,Barbell Deadlift,Marklyft,translated,
barbell_squat,Barbell Squat,Kn√§b√∂j,translated,
B√§ttre h√§lsa,Better Health,B√§ttre h√§lsa,translated,
Beginner,,Nyb√∂rjare,translated,
bench,Bench,Tr√§ningsb√§nk,translated,
Bench Press,,B√§nkpress,translated,
bench_press,Bench Press,B√§nkpress,translated,
Benches,,B√§nkar,translated,
Ber√§knad tr√§ningstid,,,,
Beskrivning,,,,
Better health,,B√§ttre h√§lsa,translated,
Better Health,,B√§ttre h√§lsa,translated,
Between exercises,,,,
Between sets,,,,
bicep_curl,Bicep Curl,Bicepscurl,translated,
Bl√§ddra √∂vningar,,,,
Bli r√∂rligare,Mobility,Bli r√∂rligare,translated,
bodyweight,Bodyweight,Kroppsvikt,translated,
Bodyweight,,Kroppsvikt,translated,
B√∂rja om p√• Pass 1,,,,
B√∂rja om p√• Pass 1?,,,,
B√∂rja tr√§na,,,,
born,,f√∂dd,translated,
Bra jobbat!,,,,
Build muscle,,Bygga muskler,translated,
Build Muscle,,Bygga muskler,translated,
Build muscle mass and get stronger.,,Bygg muskelmassa och bli starkare.,translated,
Building your workout program...,,Bygger ditt tr√§ningsprogram...,translated,
Bygg muskelmassa och bli starkare.,Build muscle mass and get stronger.,Bygg muskelmassa och bli starkare.,translated,
Bygga muskler,Build Muscle,Bygga muskler,translated,
cable_machine,Cable Machine,Kabelmaskin,translated,
calf_raise,Calf Raise,Vadpress,translated,
"Calorie intake matters for progression. If you strive for muscle building, a small calorie surplus is needed (200-300 kcal/day).",,,,
Cardio,,Kondition,translated,
Check value,,,,
Choose Theme,,V√§lj tema,translated,
Choosing exercises...,,V√§ljer √∂vningar...,translated,
CloudKit,,,,
CloudKit entitlement saknas. Kontakta utvecklaren.,,,,
CloudKit-synkning,,,,
cm,,cm,translated,
Color Scheme,,F√§rgschema,translated,
Companion,,,,
Conditioning/Metcon,,Kondition/Metcon,translated,
Connect health data,,H√§mta h√§lsodata,translated,
Continue,,Forts√§tt,translated,
Continue without program,,,,
crunch,Crunch,Crunches,translated,
Customize app appearance,,Anpassa appens utseende,translated,
Dags f√∂r uppv√§rmning!,,,,
Daily Step Goal,,Dagligt stegm√•l,translated,
Dark,,M√∂rk,translated,
Date,,,,
Date of Birth,,F√∂delsedatum,translated,
Datum,,,,
Day,,Dag,translated,
Deadlift,,Marklyft,translated,
December,,December,translated,
Deltar,,,,
"Detta gym har √§n s√• l√§nge inte verifierat utrustningen, d√§rav √§r det inte valbart i gymlistan. Om du befinner dig p√• gymmet kan du l√§gga till det som nytt gym, men d√• m√•ste du v√§lja vilken utrustning som finns tillg√§nglig.",,,,
Detta kommer att √•terst√§lla onboarding och du kommer att beh√∂va g√• igenom onboarding igen.,,,,
Detta kommer att s√§tta din r√§knare till Pass 1. Dina befintliga tr√§ningsprogram raderas inte.,,,,
Detta pass har inga √∂vningar √§nnu,,,,
Detta pass verkar inte ha n√•gra √∂vningar. Avsluta passet och prova att synka om.,,,,
Dev,,,,
dev@test.com,,,,
Din tr√§ningskompanjon,,,,
din@epost.se,,,,
Distans,,,,
Distribute 100% between your training goals,,F√∂rdela 100% mellan dina tr√§ningsm√•l,translated,
Ditt program har l√§gst fokus p√• **%@**. √ñverv√§g att l√§gga till en √∂vning f√∂r denna muskelgrupp f√∂r en mer balanserad fysik.,,,,
Done,,Klar,translated,
Du ansvarar sj√§lv f√∂r att:,,,,
Du har genomf√∂rt hela ditt tr√§ningspass!,,,,
dumbbell_press,Dumbbell Press,Hantelpress,translated,
dumbbell_row,Dumbbell Row,Hantelrodd,translated,
dumbbells,Dumbbells,Hantlar,translated,
"e.g. Rowing, Boxing...",,,,
Eat protein within 2 hours after training,,,,
Ej synkad,,,,
Ej tillg√§nglig,,,,
Elite,,Elit,translated,
Endast utvecklare har tillg√•ng till denna vy.,,,,
Endurance,,Uth√•llighet,translated,
Engelska,English,Engelska,translated,
Enter address,,Ange adress,translated,
Enter gym name,,Ange gymnamn,translated,
Enter your sport,,,,
Entered age (%lld years) is higher than normal. Please check your value.,,,,
Entered age (%lld years) is lower than normal. Please check your value.,,,,
Entered height (%lld cm) is higher than normal. Please check your value.,,,,
Entered height (%lld cm) is lower than normal. Please check your value.,,,,
Entered weight (%lld kg) is higher than normal. Please check your value.,,,,
Entered weight (%lld kg) is lower than normal. Please check your value.,,,,
Equipment verified,,,,
Error,,,,
Explosiveness,,Explosivitet,translated,
Export Exercises,,,,
Extra Focus,,Extra fokus,translated,
ez_bar,EZ Bar,EZ-st√•ng,translated,
face_pull,Face Pull,Face Pulls,translated,
F√§rgschema,,,,
February,,Februari,translated,
Fel,,,,
Female,,Kvinna,translated,
Finalizing program...,,,,
Finalizing...,,,,
Finding gyms...,,,,
Finish,,Slutf√∂r,translated,
Fitness,,,,
Focus,,,,
"F√∂rb√§ttra ork, kondition och vardagsenergi.","Improve stamina, fitness and energy.","F√∂rb√§ttra ork, kondition och vardagsenergi.",translated,
F√∂rdelning av set baserat p√• dina programmallar.,,,,
F√∂rs√∂k igen,,,,
F√∂rs√∂ka igen,Try Again,F√∂rs√∂ka igen,translated,
Forts√§tt,Continue,Forts√§tt,translated,
Forts√§tt med Google,,,,
found,,,,
Free Weights,,Frivikter,translated,
Friday,,,,
G√• ner i vikt,Lose Weight,G√• ner i vikt,translated,
G√• ner i vikt och f√∂rb√§ttra din h√§lsa.,Lose weight and improve your health.,G√• ner i vikt och f√∂rb√§ttra din h√§lsa.,translated,
G√• vidare,Continue,G√• vidare,translated,
Gender,,K√∂n,translated,
Generate new program,,,,
Generating workout program...,,,,
Generating your new program...,,,,
Generating your program...,,,,
Generating your workout program...,,,,
Generation failed,,,,
Generera ett tr√§ningsprogram f√∂r att komma ig√•ng,,,,
Generera nytt program,Generate New Program,Generera nytt program,translated,
Genom att forts√§tta g√•r du med p√•,,,,
Genom att skapa ett konto eller anv√§nda RepCompanion godk√§nner du dessa villkor.,,,,
Genomf√∂r ditt f√∂rsta pass f√∂r att se historik h√§r,Complete your first session to see history here,Genomf√∂r ditt f√∂rsta pass f√∂r att se historik h√§r,translated,
Genomsnittlig puls,,,,
Gick inte att h√§mta analys,Could not fetch analysis,Gick inte att h√§mta analys,translated,
Godk√§nn,Approve,Godk√§nn,translated,
Godk√§nn √∂vningar & utrustning,Approve exercises & equipment,Godk√§nn √∂vningar & utrustning,translated,
Gym Details,,Gymdetaljer,translated,
Gym ej verifierat,,,,
Gym Information,,,,
Gym Name,,Gymnamn,translated,
Gym Namn (t.ex. Mitt Gym),,,,
H√§lsodata,Health Data,H√§lsodata,translated,
H√§lsodata ansluten,Health Data Connected,H√§lsodata ansluten,translated,
H√§lsointegration,Health Integration,H√§lsointegration,translated,
H√§lsotrender,Health Trends,H√§lsotrender,translated,
hanging_leg_raise,Hanging Leg Raise,H√§ngande Benlyft,translated,
Hantera tr√§ningspass,Manage Workouts,Hantera tr√§ningspass,translated,
H√§r √§r en sammanfattning av det du hann med.,Here is a summary of what you accomplished.,H√§r √§r en sammanfattning av det du hann med.,translated,
Health & Lifestyle,,,,
Health data imported,,H√§lsodata h√§mtat,translated,
Health data imported. You can manually edit the values in the next step,,H√§lsodata h√§mtat. Du kan √§ndra v√§rdena manuellt p√• n√§sta steg,translated,
HealthKit,,,,
HealthKit-fel,,,,
Height,,L√§ngd,translated,
Height (cm),,L√§ngd (cm),translated,
Height exceeds 253 cm. Please check your value.,,L√§ngd √∂verstiger 253 cm. V√§nligen kontrollera ditt angivna v√§rde.,translated,
Height is below 90 cm. Please check your value.,,,,
Hem,,,,
High traffic - taking a bit longer than usual,,M√•nga tr√§nar just nu ‚Äì det tar lite l√§ngre tid √§n vanligt,translated,
High traffic right now...,,M√•nga tr√§nar just nu...,translated,
"High traffic... Program is generating, please wait. This can take up to 2 minutes.",,"Programmet genereras, v√§nta lite. Detta kan ta upp till 2 minuter.",translated,
Historik,,,,
Hitta i n√§rheten,Find Nearby,Hitta i n√§rheten,translated,
Hoppa √∂ver,Skip,Hoppa √∂ver,translated,
Hoppa till n√§sta √∂vning,Skip to next exercise,Hoppa till n√§sta √∂vning,translated,
HRV,,,,
Hur k√§ndes passet? N√•got att komma ih√•g till n√§sta g√•ng?,How did the session feel? Something to remember for next time?,Hur k√§ndes passet? N√•got att komma ih√•g till n√§sta g√•ng?,translated,
Hypertrophy,,Hypertrofi,translated,
Identifierad utrustning:,,,,
Import from Apple Health,,H√§mta fr√•n Apple Health,translated,
Import health data,,H√§mta h√§lsodata,translated,
Improve Mobility,,Bli r√∂rligare,translated,
"Improve stamina, fitness and energy.",,"F√∂rb√§ttra ork, kondition och vardagsenergi.",translated,
Inaktiverad,,,,
Inblick,,,,
"Increase mobility, reduce stiffness and prevent injury.",,"√ñka r√∂rlighet, minska stelhet och f√∂rebygg skador.",translated,
Increase weight gradually each week,,,,
Information,,,,
Inga gym,,,,
Inga √∂vningar,No exercises,Inga √∂vningar,translated,
Inga √∂vningar hittades,No exercises found,Inga √∂vningar hittades,translated,
Inga personb√§sta √§n,No personal records yet,Inga personb√§sta √§n,translated,
Inga tr√§ningsprogram,No training programs,Inga tr√§ningsprogram,translated,
Inga v√§ntande √∂vningar,No pending exercises,Inga v√§ntande √∂vningar,translated,
Ingen data √§nnu,No data yet,Ingen data √§nnu,translated,
Ingen historik √§n,No history yet,Ingen historik √§n,translated,
Ingen tr√§ningshistorik √§n,No training history yet,Ingen tr√§ningshistorik √§n,translated,
Ingen utrustning vald. Detta gym kommer endast att st√∂dja kroppsvikts√∂vningar.,No equipment selected. This gym will only support bodyweight exercises.,Ingen utrustning vald. Detta gym kommer endast att st√∂dja kroppsvikts√∂vningar.,translated,
Ingen v√§ntande utrustning,No pending equipment,Ingen v√§ntande utrustning,translated,
Inget gym valt,,,,
Inst√§llningar,Settings,Inst√§llningar,translated,
Instruktioner,,,,
Intermediate,,Van,translated,
"Ja, baserat p√• mitt program","Yes, based on my program","Ja, baserat p√• mitt program",translated,
"Ja, k√∂r!","Yes, let's go!","Ja, k√∂r!",translated,
"Ja, uppdatera alla",,,,
Jag godk√§nner v√•ra Villkor & Sekretesspolicy f√∂r att ta emot skr√§ddarsydda erbjudanden fr√•n v√•ra samarbetspartners samt tr√§ningsrelaterad marknadsf√∂ring.,,,,
January,,Januari,translated,
July,,Juli,translated,
June,,Juni,translated,
K√§nner igen utrustning...,Recognizing equipment...,K√§nner igen utrustning...,translated,
kettlebell,Kettlebell,Kettlebell,translated,
kettlebells,Kettlebells,Kettlebells,translated,
Key,,,,
kg,,,,
Kg,,,,
Klar,Done,Klar,translated,
Kolla din e-post!,Check your email!,Kolla din e-post!,translated,
Kr√§ver Apple Watch f√∂r aktivitet,Requires Apple Watch for activity,Kr√§ver Apple Watch f√∂r aktivitet,translated,
Kr√§ver Apple Watch f√∂r HRV,Requires Apple Watch for HRV,Kr√§ver Apple Watch f√∂r HRV,translated,
Kr√§ver Apple Watch f√∂r kondition,Requires Apple Watch for cardio,Kr√§ver Apple Watch f√∂r kondition,translated,
Kr√§ver Apple Watch f√∂r tr√§ning,Requires Apple Watch for workout,Kr√§ver Apple Watch f√∂r tr√§ning,translated,
Kr√§ver Apple Watch f√∂r vilopuls,Requires Apple Watch for resting heart rate,Kr√§ver Apple Watch f√∂r vilopuls,translated,
Kunde inte aktivera HealthKit. Kontrollera att appen har beh√∂righet i Inst√§llningar.,Could not enable HealthKit. Please check permissions in Settings.,Kunde inte aktivera HealthKit. Kontrollera att appen har beh√∂righet i Inst√§llningar.,translated,
Kunde inte aktivera notifikationer. Kontrollera att appen har beh√∂righet i Inst√§llningar.,Could not enable notifications. Please check permissions in Settings.,Kunde inte aktivera notifikationer. Kontrollera att appen har beh√∂righet i Inst√§llningar.,translated,
Laddar √∂vningar...,Loading exercises...,Laddar √∂vningar...,translated,
L√§gg till,Add,L√§gg till,translated,
L√§gg till ditt f√∂rsta gym f√∂r att komma ig√•ng.,Add your first gym to get started.,L√§gg till ditt f√∂rsta gym f√∂r att komma ig√•ng.,translated,
L√§gg till √∂vning,Add Exercise,L√§gg till √∂vning,translated,
Lat Pulldown,Lat Pulldown,Lat Pulldown,translated,
lat_pulldown,Lat Pulldown,Latsdrag,translated,
leg_curl,Leg Curl,L√•rcurl,translated,
leg_extension,Leg Extension,Benspark,translated,
leg_press,Leg Press,Benpress,translated,
Level,,Niv√•,translated,
Light,,Ljus,translated,
Loading equipment list...,,Laddar utrustningslista...,translated,
Loading equipment...,,H√§mtar utrustning...,translated,
Log Out,,Logga ut,translated,
Logga,,Logga,translated,
Logga in,,Logga in,translated,
Logga in med Magic Link,,Logga in med Magic Link,translated,
Logga √∂vningar f√∂r att se dina PBs h√§r,Log exercises to see your PBs here,Logga √∂vningar f√∂r att se dina PBs h√§r,translated,
Logga √∂vningar f√∂r att se progression,Log exercises to see progression,Logga √∂vningar f√∂r att se progression,translated,
Logga set,,Logga set,translated,
Lose weight,,G√• ner i vikt,translated,
Lose weight and improve your health.,,G√• ner i vikt och f√∂rb√§ttra din h√§lsa.,translated,
machine,Machine,maskin,translated,
Machines,,Maskiner,translated,
M√•l,Goal,M√•l,translated,
Male,,Man,translated,
March,,Mars,translated,
Max vikt,,Max vikt,translated,
Max: %@ kg,,Max: %@ kg,translated,
Maximera din tr√§ning!,Maximize your training!,Maximera din tr√§ning!,translated,
May,,Maj,translated,
Medium,,Medium,translated,
Min/session,,Min/session,translated,
Mina Gym,,Mina Gym,translated,
Mobility,,Bli r√∂rligare,translated,
Monday,,M√•ndag,translated,
Month,,M√•nad,translated,
Muskelbalans,,Muskelbalans,translated,
Muskelgrupper,,Muskelgrupper,translated,
Muskler: %@,,Muskler: %@,translated,
My Gym,,Mitt gym,translated,
Name,,Namn,translated,
N√§sta,Next,N√§sta,translated,
Nearby gyms,,Gym n√§ra dig,translated,
"Nej, bara detta set",,"Nej, bara detta set",translated,
"Nej, hoppa √∂ver","No, skip","Nej, hoppa √∂ver",translated,
New to training or returning after a long break,,Ny till tr√§ning eller √•terkommer efter l√•ng paus,translated,
Next,,N√§sta,translated,
No equipment found.,,Ingen utrustning hittades.,translated,
No gyms found nearby. Try increasing search distance.,,Inga gym hittades i n√§rheten. Prova att √∂ka s√∂kavst√•ndet.,translated,
No health data found. You can manually fill in the values in the next step,,Inga h√§lsodata hittades. Du kan fylla i v√§rdena manuellt p√• n√§sta steg,translated,
Nollst√§ll,Reset,Nollst√§ll,translated,
Nollst√§ll r√§knaren f√∂r ditt nuvarande program.,Reset the counter for your current program.,Nollst√§ll r√§knaren f√∂r ditt nuvarande program.,translated,
Normal weight,,Normalvikt,translated,
Notifikationer,,Notifikationer,translated,
Notifikationsfel,,Notifikationsfel,translated,
November,,November,translated,
Nutrition,,,,
Nuvarande,,Nuvarande,translated,
"Oavsett om du vill g√• ner i vikt, rehabilitera en skada eller tr√§na f√∂r ishockey, hj√§lper vi dig med r√§tt fokus.",,,,
Obese,,Fetma,translated,
October,,Oktober,translated,
OK,,,,
"√ñka r√∂rlighet, minska stelhet och f√∂rebygg skador.","Increase mobility, reduce stiffness and prevent injury.","√ñka r√∂rlighet, minska stelhet och f√∂rebygg skador.",translated,
One Rep Max (1RM),,Maxvikt (1RM),translated,
Optimizing schedule...,,Optimerar schema...,translated,
Optional - helps us adapt weights,,Valfritt - hj√§lper oss att anpassa vikter,translated,
Or choose manually below,,Eller v√§lj manuellt nedan,translated,
Or enter manually,,Eller ange manuellt,translated,
Or select manually,,Eller v√§lj manuellt,translated,
Other,,Annan,translated,
Overhead Press,,St√•ende press,translated,
overhead_press,Overhead Press,Milit√§rpress,translated,
√ñvervaka din utveckling √∂ver tid,Monitor your progress over time,√ñvervaka din utveckling √∂ver tid,translated,
Overweight,,√ñvervikt,translated,
√ñvning %lld av %lld,√ñvning %1$lld av %2$lld,√ñvning %lld av %lld,translated,
√ñvningar,Exercises,√ñvningar,translated,
√ñvningskatalog,Exercise Catalog,√ñvningskatalog,translated,
√ñvningsstatistik,Exercise Statistics,√ñvningsstatistik,translated,
P√•g√•ende Pass,Current Session,P√•g√•ende Pass,translated,
Pass %lld/%lld,Pass %1$lld/%2$lld,Pass %lld/%lld,translated,
Pass avslutat,,Pass avslutat,translated,
Pass denna vecka,,Pass denna vecka,translated,
Pass per vecka: %lld,,Pass per vecka: %lld,translated,
Passdetaljer,,Passdetaljer,translated,
Passl√§ngd: %lld minuter,Session length: %lld minutes,Passl√§ngd: %lld minuter,translated,
Pausa & St√§ng,Pause & Close,Pausa & St√§ng,translated,
Period,,Period,translated,
Personal Information,,Personlig information,translated,
Personal tips,,Personliga tips,translated,
Personal Training Program,,Personligt tr√§ningsprogram,translated,
Personalized advice for your training,,Personliga r√•d f√∂r din tr√§ning,translated,
Personb√§sta,Personal Records,Personb√§sta,translated,
plank,Plank,Plankan,translated,
plyo_box,Plyo Box,Plyo Box,translated,
Preparing data...,,,,
Preparing your workout program...,,F√∂rbereder ditt tr√§ningsprogram‚Ä¶,translated,
Prestera i sport,Sports Performance,Prestera i sport,translated,
Prim√§ra,Primary,Prim√§ra,translated,
Privata gym sparas endast f√∂r dig.,Private gyms are saved only for you.,Privata gym sparas endast f√∂r dig.,translated,
Processing...,,,,
Professional or competitive athlete,,Professionell eller t√§vlingsidrottare,translated,
Profil,,Profil,translated,
Program,,Program,translated,
Program generated!,,Program skapat!,translated,
"Program generation did not succeed at this time.

Do you want to try again or continue without a program?",,¬¥,translated,
"Program generation did not succeed at this time. %@

Do you want to try again or continue without a program?",,,,
Program generation failed,,,,
Program generation failed.,,,,
Program generation took too long. Please try again.,,,,
Programgenerering misslyckades,Program Generation Failed,Programgenerering misslyckades,translated,
Programhantering,,,,
Public Gym,,Publikt gym,translated,
Publikt gym,,,,
pull_up,Pull Up,Chins,translated,
pull_up_bar,Pull-up Bar,Chinsr√§cke,translated,
Push-notifikationer,,,,
Queuing program generation...,,,,
rack,Squat Rack,Skivst√•ngsst√§llning,translated,
Racks/Rigs,,Rack/Rigg,translated,
Radera allt och b√∂rja om?,Delete everything and start over?,Radera allt och b√∂rja om?,translated,
Recover from injury or illness.,,√Öterh√§mta dig efter skada eller sjukdom.,translated,
Redigera,,,,
Redigera pass,,,,
Registrera utrustning,,,,
Rehab/Recovery,,Rehab/√Öterh√§mtning,translated,
Rehabilitation,,Rehabilitering,translated,
Rehabilitering,Rehabilitation,Rehabilitering,translated,
Reklam och affiliate-l√§nkar:,,,,
Rep,,,,
"RepCompanion √§r en tr√§nings- och planeringsapp som tillhandah√•ller generell information, v√§gledning och f√∂rslag kring tr√§ning och fysisk aktivitet. Inneh√•llet i appen √§r avsedd f√∂r informations- och inspirationssyfte och utg√∂r inte medicinsk r√•dgivning eller professionell behandling.",,,,
RepCompanion √§r ett enkelt och smart verktyg som hj√§lper dig att s√§tta ihop ett tr√§ningsuppl√§gg som passar just dina m√•l och din vardag.,,,,
"RepCompanion inneh√•ller annonser och samarbeten med tredjepartsf√∂retag. Detta inneb√§r att appen kan visa reklam, erbjudanden eller l√§nkar till produkter och tj√§nster.",,,,
"RepCompanion v√§rnar om din integritet och hanterar personuppgifter i enlighet med g√§llande dataskyddslagstiftning, inklusive GDPR.",,,,
Repetitioner,,,,
Reps,,,,
Reps (t.ex. 8-12),,,,
Reset,,,,
Rest,,,,
Rest at least one day between intense sessions,,,,
russian_twist,Russian Twist,Russian Twist,translated,
Sammanfattning,,,,
Saturday,,,,
Scan equipment,,Skanna utrustning,translated,
Scan Equipment,,Skanna utrustning,translated,
Se dina h√§lsom√§tv√§rden √∂ver tid,See your health metrics over time,Se dina h√§lsom√§tv√§rden √∂ver tid,translated,
Search Distance,,S√∂kavst√•nd,translated,
Search for nearby gyms,,S√∂k efter gym i n√§rheten,translated,
seated_row,Seated Row,Sittande Rodd,translated,
Sekretess & Dataskydd,,,,
Sekretesspolicy,,,,
Sekund√§ra,Secondary,Sekund√§ra,translated,
sekunder kvar,,,,
Select Equipment,,V√§lj utrustning,translated,
Senast synkad: %@,,,,
September,,September,translated,
Service Tests,,,,
Session duration: %lld minutes,,Passl√§ngd: %lld minuter,translated,
sessioner,,,,
Sessions,,,,
Sessions per week: %lld,,Pass per vecka: %lld,translated,
Sessions/week,,,,
Set,,,,
Set %lld/%lld,Set %1$lld/%2$lld,,new,
Set 1,,,,
Set 2,,,,
Set avklarat,,,,
Set your daily step goal to track your activity,,St√§ll in ditt dagliga stegm√•l f√∂r att sp√•ra din aktivitet,translated,
Set: %lld,,,,
Sex,,,,
Skanna utrustning,,,,
Skapa program f√∂r gymmet?,Create program for this gym?,Skapa program f√∂r gymmet?,translated,
Skicka Magic Link,,,,
Sleep 7-9 hours per night for optimal recovery,,,,
Slutf√∂r,Finish,Slutf√∂r,translated,
Slutf√∂r tr√§ningspass,Finish Workout,Slutf√∂r tr√§ningspass,translated,
smith_machine,Smith Machine,Smithmaskin,translated,
Snitt,,,,
Snitt: %@ kg,,,,
Social,,,,
S√∂k gym i n√§rheten,Search nearby gyms,S√∂k gym i n√§rheten,translated,
S√∂k √∂vning,Search exercise,S√∂k √∂vning,translated,
S√∂k √∂vningar...,Search exercises...,S√∂k √∂vningar...,translated,
S√∂k video,Search video,S√∂k video,translated,
S√∂mn (senaste natten),Sleep (last night),S√∂mn (senaste natten),translated,
S√∂mn:,Sleep:,S√∂mn:,translated,
Spara,,,,
Spara √§ndringar,Save Changes,Spara √§ndringar,translated,
Specific Sport,,Specifik idrott,translated,
Sports performance,,Prestera i sport,translated,
Squat,,Kn√§b√∂j,translated,
Standard location,,,,
St√§ng,Close,St√§ng,translated,
Starta pass,,,,
Statistik,,,,
Status,,,,
Steg idag,,,,
steps,,steg,translated,
Strength,,Styrka,translated,
Styrkeutveckling,,,,
Sunday,,,,
Svenska,Swedish,Svenska,translated,
"Synka automatiskt tr√§ningsdata, steg, s√∂mn och √•terh√§mtning fr√•n dina h√§lsoplattformar.","Automatically sync workout data, steps, sleep and recovery from your health platforms.","Synka automatiskt tr√§ningsdata, steg, s√∂mn och √•terh√§mtning fr√•n dina h√§lsoplattformar.",translated,
Synka h√§lsodata,Sync Health Data,Synka h√§lsodata,translated,
Synka med HealthKit f√∂r att se data,Sync with HealthKit to see data,Synka med HealthKit f√∂r att se data,translated,
Synka nu,,,,
Synka √∂vningskatalog,Sync Exercise Catalog,Synka √∂vningskatalog,translated,
Synka till Watch (Debug),,,,
Synkad,,,,
Synkar √∂vningskatalog...,Syncing exercise catalog...,Synkar √∂vningskatalog...,translated,
Synkning,,,,
Synkning slutf√∂rd,Sync complete,Synkning slutf√∂rd,translated,
System,,,,
Ta bort,,,,
Ta bort alla program och gym f√∂r att b√∂rja om helt.,Delete all programs and gyms to start over completely.,Ta bort alla program och gym f√∂r att b√∂rja om helt.,translated,
Ta om,,,,
Tags that refine your programming (max 3),,Taggar som finjusterar din tr√§ning (max 3),translated,
Technique,,Teknik,translated,
Test CloudKit,,,,
Test HealthKit,,,,
Test Results,,,,
The program is ready but could not be loaded. Please try opening the app again.,,,,
The values above are suggestions based on your profile. You can change them if you know your exact 1RM values.,,V√§rdena ovan √§r f√∂rslag baserat p√• din profil. Du kan √§ndra dem om du vet dina exakta 1RM-v√§rden.,translated,
This can take up to 2 minutes. Please be patient...,,Detta kan ta upp till 2 minuter. Ha lite t√•lamod...,translated,
This helps us adapt the program,,Detta hj√§lper oss att anpassa programmet,translated,
This may take a moment. Analyzing your new goals and equipment.,,,,
Thursday,,,,
Tillbaka,Back,Tillbaka,translated,
Topplista,,,,
Topplista kommer snart,,,,
Total aktivitet:,,,,
Total √•terh√§mtning:,Total recovery:,Total √•terh√§mtning:,translated,
Total volym: %@,,,,
Total: %d%%,,Totalt: %d%%,translated,
Total: %lld%%,,,,
Train to perform better in your sport.,,Tr√§na f√∂r att prestera b√§ttre i din sport.,translated,
Trained consistently for 2+ years,,Tr√§nat konsekvent i 2+ √•r,translated,
Trained regularly for 6+ months,,Tr√§nat regelbundet i 6+ m√•nader,translated,
Training Frequency,,Tr√§ningsfrekvens,translated,
Training Goals,,Tr√§ningsm√•l,translated,
Tr√§na f√∂r att prestera b√§ttre i din sport.,Train to perform better in your sport.,Tr√§na f√∂r att prestera b√§ttre i din sport.,translated,
Tr√§ningsfrekvens,Training Frequency,Tr√§ningsfrekvens,translated,
Tr√§ningshistorik,Workout History,Tr√§ningshistorik,translated,
Tr√§ningsm√•l,Training Goals,Tr√§ningsm√•l,translated,
Tr√§ningspass:,Workouts:,Tr√§ningspass:,translated,
Tr√§ningsprogram,Workout Program,Tr√§ningsprogram,translated,
Tr√§ningspuls,Workout Heart Rate,Tr√§ningspuls,translated,
Tr√§ningsstatistik,Training Statistics,Tr√§ningsstatistik,translated,
trap_bar,Trap Bar,Trap Bar,translated,
Trappor,,,,
Trend,,,,
tricep_pushdown,Tricep Pushdown,Triceps Pushdown,translated,
Try again,,,,
Tuesday,,,,
Typ,,,,
Underweight,,Undervikt,translated,
Uppdatera √•terst√•ende set?,Update remaining sets?,Uppdatera √•terst√•ende set?,translated,
Uppv√§rmning,Warmup,Uppv√§rmning,translated,
Utmaningar,,,,
Utrustning,,,,
UTRUSTNING SOM BEH√ñVS,EQUIPMENT NEEDED,UTRUSTNING SOM BEH√ñVS,translated,
Utrustning: %@,,,,
Vad √§r ditt prim√§ra tr√§ningsm√•l?,What is your primary training goal?,Vad √§r ditt prim√§ra tr√§ningsm√•l?,translated,
Validating program...,,,,
V√§lj annat gym,Choose another gym,V√§lj annat gym,translated,
V√§lj ett gym f√∂r att komma ig√•ng,Select a gym to get started,V√§lj ett gym f√∂r att komma ig√•ng,translated,
V√§lj m√§tv√§rde,Select metric,V√§lj m√§tv√§rde,translated,
V√§lj som aktivt gym,Select as active gym,V√§lj som aktivt gym,translated,
V√§lj spr√•k,Select Language,V√§lj spr√•k,translated,
V√§lj Tema,Choose Theme,V√§lj Tema,translated,
V√§lj utrustning,Select Equipment,V√§lj utrustning,translated,
V√§lkommen!,Welcome!,V√§lkommen!,translated,
Value,,,,
V√§ntar,Waiting,V√§ntar,translated,
V√§rde,Value,V√§rde,translated,
Veckosammanfattning,,,,
Vi har skickat en inloggningsl√§nk till **%@**. Klicka p√• l√§nken i mejlet f√∂r att logga in.,,,,
Vi skickar en l√§nk till din e-post som loggar in dig direkt. Inget l√∂senord beh√∂vs!,,,,
Videoinstruktion,,,,
Vikt,,,,
Vikt (kg),,,,
Viktprogression,,,,
Vila innan n√§sta set,Rest before next set,Vila innan n√§sta set,translated,
Vilken information vi samlar in:,,,,
Vill du avvisa detta objekt? Du kan ange en anledning.,,,,
"Vill du pausa passet f√∂r att forts√§tta senare, eller avsluta det helt?","Do you want to pause the session to continue later, or finish it completely?","Vill du pausa passet f√∂r att forts√§tta senare, eller avsluta det helt?",translated,
Vill du skapa ett tr√§ningsuppl√§gg f√∂r detta gym baserat p√• ditt nuvarande program? √ñvningarna anpassas efter tillg√§nglig utrustning.,Do you want to create a workout plan for this gym based on your current program? Exercises will be adapted to available equipment.,Vill du skapa ett tr√§ningsuppl√§gg f√∂r detta gym baserat p√• ditt nuvarande program? √ñvningarna anpassas efter tillg√§nglig utrustning.,translated,
Vill du starta %@s pass idag?,,,,
Vill du starta passet idag?,,,,
Vill du till√§mpa dessa v√§rden p√• alla √•terst√•ende set f√∂r denna √∂vning i detta pass?,Do you want to apply these values to all remaining sets for this exercise in this session?,Vill du till√§mpa dessa v√§rden p√• alla √•terst√•ende set f√∂r denna √∂vning i detta pass?,translated,
Villkor,,,,
Villkor & Sekretess,,,,
Vilopuls,,,,
Visa,,,,
Visa alla,,,,
VO‚ÇÇ Max,,,,
Volume,,Volym,translated,
"We can import your weight, height and age from Apple Health",,"Vi kan h√§mta din vikt, l√§ngd och √•lder fr√•n Apple Health",translated,
We need some information about you to adapt your training,,,,
Wednesday,,,,
Week,,,,
Weight,,Vikt,translated,
Weight (kg),,Vikt (kg),translated,
Weight exceeds 330 kg. Please check your value.,,Vikt √∂verstiger 330 kg. V√§nligen kontrollera ditt angivna v√§rde.,translated,
Weight is below 18 kg. Please check your value.,,Vikt understiger 18 kg. V√§nligen kontrollera ditt angivna v√§rde.,translated,
Weight Loss,,Viktminskning,translated,
What is your primary training goal?,,Vad √§r ditt prim√§ra tr√§ningsm√•l?,translated,
What is your training level?,,Vilken √§r din tr√§ningsniv√•?,translated,
Where will you be training?,,Var kommer du att tr√§na?,translated,
Which sport are you training for?,,Vilken sport tr√§nar du f√∂r?,translated,
Year,,√Ör,translated,
Your training plan is still being generated. We appreciate your patience!,,Din tr√§ningsplan genereras fortfarande. Vi uppskattar ditt t√•lamod!,translated,
